{"$schema":"http://schema.management.azure.com/schemas/2015-01-01/deploymentTemplate.json#","contentVersion":"1.0.0.0","parameters":{"consumoAzureDHW":{"type":"string"},"MicrosoftOutlook jugordon":{"type":"string"}},"variables":{},"resources":[{"name":"ProcesaConsumo","type":"pipelines","apiVersion":"2018-06-01","properties":{"activities":[{"name":"Ingestion notebook","type":"TridentNotebook","dependsOn":[{"activity":"Clean data from the period to be processed","dependencyConditions":["Succeeded"]}],"policy":{"timeout":"0.12:00:00","retry":0,"retryIntervalInSeconds":30,"secureOutput":false,"secureInput":false},"typeProperties":{"notebookId":"bc37b829-f4d6-48a5-8772-1a6fdb0774eb","workspaceId":"af0222ca-75c2-4c44-9cde-068b3fce8729","parameters":{"period":{"value":{"value":"@pipeline().parameters.Period","type":"Expression"},"type":"int"},"tenant_id":{"value":{"value":"@pipeline().parameters.tenant_id","type":"Expression"},"type":"string"},"client_id":{"value":{"value":"@pipeline().parameters.client_id","type":"Expression"},"type":"string"},"client_secret":{"value":{"value":"@pipeline().parameters.client_secret","type":"Expression"},"type":"string"},"billing_account_id":{"value":{"value":"@pipeline().parameters.billing_account_id","type":"Expression"},"type":"string"},"customer_name":{"value":{"value":"@pipeline().parameters.customer_name","type":"Expression"},"type":"string"},"lakehouse_cost_table":{"value":{"value":"@pipeline().parameters.lakehouse_cost_table","type":"Expression"},"type":"string"},"lakehouse_log_table":{"value":{"value":"@pipeline().parameters.lakehouse_log_table","type":"Expression"},"type":"string"},"warehouse_name":{"value":{"value":"@pipeline().parameters.warehouse_name","type":"Expression"},"type":"string"},"warehouse_schema":{"value":{"value":"@pipeline().parameters.warehouse_schema","type":"Expression"},"type":"string"},"warehouse_cost_table":{"value":{"value":"@pipeline().parameters.warehouse_cost_table","type":"Expression"},"type":"string"}}}},{"name":"Process data procedure","type":"SqlServerStoredProcedure","dependsOn":[{"activity":"Ingestion notebook","dependencyConditions":["Succeeded"]}],"policy":{"timeout":"0.12:00:00","retry":0,"retryIntervalInSeconds":30,"secureOutput":false,"secureInput":false},"typeProperties":{"storedProcedureName":"[[cost].[Consumo_procesamiento]","storedProcedureParameters":{"period":{"value":{"value":"@pipeline().parameters.Period","type":"Expression"},"type":"Int16"}}},"connectionSettings":{"name":"consumoAzureDHW","properties":{"annotations":[],"type":"DataWarehouse","typeProperties":{"endpoint":"x6eps4xrq2xudenlfv6naeo3i4-zirafl6covcezhg6a2ft7tuhfe.msit-datawarehouse.fabric.microsoft.com","artifactId":"[parameters('consumoAzureDHW')]","workspaceId":"af0222ca-75c2-4c44-9cde-068b3fce8729"},"externalReferences":{"connection":"4f751620-fa41-4977-9377-c0a5941cf040"}}}},{"name":"Clean data from the period to be processed","type":"SqlServerStoredProcedure","dependsOn":[],"policy":{"timeout":"0.12:00:00","retry":0,"retryIntervalInSeconds":30,"secureOutput":false,"secureInput":false},"typeProperties":{"storedProcedureName":"[[cost].[BorrarPeriodoActual]","storedProcedureParameters":{"period":{"value":{"value":"@pipeline().parameters.Period","type":"Expression"},"type":"Int32"}}},"connectionSettings":{"name":"consumoAzureDHW","properties":{"annotations":[],"type":"DataWarehouse","typeProperties":{"endpoint":"x6eps4xrq2xudenlfv6naeo3i4-zirafl6covcezhg6a2ft7tuhfe.msit-datawarehouse.fabric.microsoft.com","artifactId":"[parameters('consumoAzureDHW')]","workspaceId":"af0222ca-75c2-4c44-9cde-068b3fce8729"},"externalReferences":{"connection":"4f751620-fa41-4977-9377-c0a5941cf040"}}}},{"name":"Send notification failure","type":"Office365Email","dependsOn":[{"activity":"Clean data from the period to be processed","dependencyConditions":["Failed"]},{"activity":"Ingestion notebook","dependencyConditions":["Failed"]},{"activity":"Process data procedure","dependencyConditions":["Failed"]}],"policy":{"timeout":"0.12:00:00","retry":0,"retryIntervalInSeconds":30,"secureOutput":false,"secureInput":false},"typeProperties":{"to":{"value":"@pipeline().parameters.notification_email","type":"Expression"},"subject":"Azure Consumption process has failed","body":"<p>The pipeline ID @{pipeline().Pipeline} has failed</p>\n<p>With the following parameters values :&nbsp;</p>\n<p>@{pipeline().parameters.Period}@{pipeline().parameters.customer_name}</p>\n<p>Clean data step</p>\n<p>@{activity('Clean data from the period to be processed').output}</p>\n<p>Ingestion notebook step</p>\n<p>@{activity('Ingestion notebook').output}</p>\n<p>Process data step</p>\n<p>@{activity('Process data procedure').output}</p>"},"externalReferences":{"connection":"[parameters('MicrosoftOutlook jugordon')]"}}],"parameters":{"Period":{"type":"string","defaultValue":"0"},"tenant_id":{"type":"string"},"client_id":{"type":"string"},"client_secret":{"type":"string"},"billing_account_id":{"type":"string"},"customer_name":{"type":"string"},"notification_email":{"type":"string"},"lakehouse_cost_table":{"type":"string","defaultValue":"consumoAzure"},"lakehouse_log_table":{"type":"string","defaultValue":"cost_export_log"},"warehouse_name":{"type":"string","defaultValue":"consumoAzureDHW"},"warehouse_schema":{"type":"string","defaultValue":"cost"},"warehouse_cost_table":{"type":"string","defaultValue":"consumoAzure"}},"lastModifiedByObjectId":"2a6b4c1b-f668-4ce8-ac7b-5324c70d1841","lastPublishTime":"2025-11-10T20:47:24Z"},"dependsOn":[]}]}