{"$schema":"http://schema.management.azure.com/schemas/2015-01-01/deploymentTemplate.json#","contentVersion":"1.0.0.0","parameters":{},"variables":{},"resources":[{"name":"ProcesaConsumo2","type":"pipelines","apiVersion":"2018-06-01","properties":{"activities":[{"name":"Ingestion notebook","type":"TridentNotebook","dependsOn":[],"policy":{"timeout":"0.12:00:00","retry":0,"retryIntervalInSeconds":30,"secureOutput":false,"secureInput":false},"typeProperties":{"notebookId":"bc37b829-f4d6-48a5-8772-1a6fdb0774eb","workspaceId":"af0222ca-75c2-4c44-9cde-068b3fce8729","parameters":{"period":{"value":{"value":"@pipeline().parameters.Period","type":"Expression"},"type":"int"},"tenant_id":{"value":{"value":"@pipeline().parameters.tenant_id","type":"Expression"},"type":"string"},"client_id":{"value":{"value":"@pipeline().parameters.client_id","type":"Expression"},"type":"string"},"client_secret":{"value":{"value":"@pipeline().parameters.client_secret","type":"Expression"},"type":"string"},"billing_account_id":{"value":{"value":"@pipeline().parameters.billing_account_id","type":"Expression"},"type":"string"},"customer_name":{"value":{"value":"@pipeline().parameters.customer_name","type":"Expression"},"type":"string"},"lakehouse_cost_table":{"value":{"value":"@pipeline().parameters.lakehouse_cost_table","type":"Expression"},"type":"string"},"lakehouse_log_table":{"value":{"value":"@pipeline().parameters.lakehouse_log_table","type":"Expression"},"type":"string"},"warehouse_name":{"value":{"value":"@pipeline().parameters.warehouse_name","type":"Expression"},"type":"string"},"warehouse_schema":{"value":{"value":"@pipeline().parameters.warehouse_schema","type":"Expression"},"type":"string"},"warehouse_cost_table":{"value":{"value":"@pipeline().parameters.warehouse_cost_table","type":"Expression"},"type":"string"}}}}],"parameters":{"Period":{"type":"string","defaultValue":"0"},"tenant_id":{"type":"string"},"client_id":{"type":"string"},"client_secret":{"type":"string"},"billing_account_id":{"type":"string"},"customer_name":{"type":"string"},"lakehouse_cost_table":{"type":"string","defaultValue":"consumoAzure"},"lakehouse_log_table":{"type":"string","defaultValue":"cost_export_log"},"warehouse_name":{"type":"string"},"warehouse_schema":{"type":"string","defaultValue":"cost"},"warehouse_cost_table":{"type":"string","defaultValue":"consumoAzure"}},"lastModifiedByObjectId":"2a6b4c1b-f668-4ce8-ac7b-5324c70d1841","lastPublishTime":"2025-11-24T23:55:53Z"},"dependsOn":[]}]}